<application>
  <component name="AndroidLogcatFilterHistory">
    <option name="mostRecentlyUsed" value="tagexception" />
    <option name="nonFavorites">
      <list>
        <option value="tagexception" />
        <option value="exception" />
        <option value="package:mine " />
        <option value="162" />
        <option value=" " />
        <option value="package:mine" />
        <option value="strictmode" />
        <option value="tagexce" />
        <option value="com.gukos.bokotanjava" />
        <option value="年" />
        <option value="package:ta" />
        <option value="filewri" />
        <option value="wi-c200" />
        <option value="ankerpods" />
        <option value="com.gukos exception" />
        <option value="action.connection_state_changed" />
        <option value="Mainactivity" />
        <option value="com.gukos" />
        <option value="com.gukos.bokotanjava exception" />
        <option value="例外" />
      </list>
    </option>
  </component>
</application>