<application>
  <component name="SettingsSyncPlugins">
    <option name="plugins">
      <map>
        <entry key="Code Iris">
          <value>
            <PluginData>
              <option name="dependencies">
                <set>
                  <option value="com.intellij.modules.java" />
                  <option value="com.intellij.modules.lang" />
                </set>
              </option>
            </PluginData>
          </value>
        </entry>
        <entry key="PlantUML integration">
          <value>
            <PluginData>
              <option name="dependencies">
                <set>
                  <option value="com.intellij.modules.platform" />
                </set>
              </option>
            </PluginData>
          </value>
        </entry>
        <entry key="com.dubreuia">
          <value>
            <PluginData />
          </value>
        </entry>
        <entry key="com.github.pedrovgs.androidwifiadb">
          <value>
            <PluginData>
              <option name="dependencies">
                <set>
                  <option value="org.jetbrains.android" />
                </set>
              </option>
              <option name="enabled" value="false" />
            </PluginData>
          </value>
        </entry>
        <entry key="com.intellij.ja">
          <value>
            <PluginData>
              <option name="dependencies">
                <set>
                  <option value="com.intellij.modules.platform" />
                </set>
              </option>
            </PluginData>
          </value>
        </entry>
        <entry key="dk.appdictive.adbwificonnect">
          <value>
            <PluginData>
              <option name="dependencies">
                <set>
                  <option value="org.jetbrains.android" />
                </set>
              </option>
              <option name="enabled" value="false" />
            </PluginData>
          </value>
        </entry>
      </map>
    </option>
  </component>
</application>